did,diagnose,pid
"1","Abdominal aortic aneurysm: (enlarged major blood vessel)","Stopping smoking may slow their growth. Small ones may only need monitoring. Aneurysms that are too large or growing too quickly should be repaired with surgery."
"2","Abdominal swelling","Eating smaller meals may help prevent bloating and swelling. Administer diuretics."
"3","Abdominal trauma","Surgery"
"4","Abrasions:  (scrapes)","Clean the wound(for mild abrasions, Surgery for extreme abrasions"
"5","ACE inhibitor induced cough: blood pressure medication side effect: Drug-induced cough: Drug reaction: ACE inhibitor","Stopping the therapy in which ACE inhibitors are used."
"6","acetaminophen overdose: Adverse reaction to acetaminophen","Medications that help remove the acetaminophen from the body or lessen its harmful effects. Stomach pumping may also be necessary."
"7","Tylenol : acetaminophen Poisoning","Medications that help remove the acetaminophen from the body or lessen its harmful effects. Stomach pumping may also be necessary."
"8","Achilles tendonitis:  (heel tendon inflammation)","RICE (Rest, Ice, Compression, Elevation), Rest and Physical exercise"
"9","Achilles tendon rupture: (heel tendon tear)","Surgery"
"10","Acid : LSD abuse","Therapy, have been proven to help hallucinogenic dependency. Relapse prevention, Support groups such as Narcotics Anonymous (NA) are also effective."
"11","Acidosis:  (excessive acid in the body)","Treatment of uncompensated metabolic acidosis. Neutralizing the acidosis with infusions of bicarbonate."
"12","Acoustic neuroma: (ear nerve tumor)","The tumour may just require monitoring. When treatment is required, it may include radiation or surgical removal."
"13","AC joint separation: acromioclavicular joint separation: closed separation of acromioclavicular joint","Pain and anti-inflammatory medications alongwith rest and protective sling(mild cases). Early surgical reconstruction(severe)."
"14","Acute angle closure glaucoma: increased inner eye pressure","Glaucoma medication, Beta blocker, Laser surgery."
"15","Acute fatty liver of pregnancy","Supportive care and expeditious delivery."
"16","Adenoiditis: (a type of lymph node inflammation)","Antibiotics, virus specific drug, surgery"
"17","Adenovirus infection:  (virus infection)","Drink lots of water. It usually goes away on its own."
"18","Frozen shoulder:  (adhesive capsulitis of shoulder)","Excercise, Injecting corticosteroids and numbing medication into the joint capsule. Surgery(severe)."
"19","Adjustment disorder:  (poor adjustment to life stressor)","Psychotherapy, medications(antidepressants and anti-anxiety drugs) or both."
"20","Alcohol : ethanol intoxication","Rest, hydration and stopping alcohol use. Intravenous fluids, observation and supportive care(severe)."
"21","Alcohol : ethanol abuse","Support groups, therapy."
"22","Alcohol : ethanol poisoning:  (overdose)","Rest, hydration and stopping alcohol use. Intravenous fluids, observation and supportive care(severe)."
"23","Alcohol withdrawal syndrome:  (mild)","Anxiolytic, Sedative, Vitamin"
"25","Alcoholism","Detox, Sedative, Vitamin and Alcoholism medication"
"26","Allergic reaction","Antihistamines, Nasal decongestants, Avoid the allergen, Anti-inflammatory medication"
"27","Allergic rhinitis:  (allergic reaction in the nose)","Nasal decongestants, Avoid the allergen"
"28","Allergy","Antihistamines, Nasal decongestants, Avoid the allergen, Anti-inflammatory medication"
"29","Confusion:  (altered mental status)","eating or drinking something sweet, drinking electrolytes, surgery"
"30","Altered mental status: confusion","eating or drinking something sweet, drinking electrolytes, surgery"
"31","Altitude illness: Illnesses due to high altitude effects","Descent to lower altitude and Oxygen therapy, Nonsteroidal anti-inflammatory drug, Diuretic, Steroid and Analgesic"
"32","Amebiasis: ameba infection","Antibiotics and Antiparasitic, Oral rehydration therapy"
"33","Amphetamine abuse","Cognitive Behavioral Therapy, Motivational Interviewing, Dialectical Behavior Therapy, Family counseling, Addiction education"
"34","Amphetamine overdose"," Management is predominantly supportive, aimed at reducing core body temperature, rehydration, sedation (if required), and cardiac monitoring. Within 1 hour of drug ingestion, activated charcoal is given orally. If intoxication is mild, the patient may be best managed by monitoring and observation in a quiet environment, with supportive measures (intravenous fluids, cooling) as needed."
"36","Anal fissure:  (tear)","Hip bath and Dietary fiber, Local anesthetic, Steroid, Dietary supplement and Laxative, Botox injection"
"37","Anaphylactoid reactions:  (pseudo allergic reaction)","Vasoconstrictor, Bronchodilator, Antihistamine and Steroid, Tracheal intubation, Cardiopulmonary resuscitation (CPR) and IV fluids"
"38","Anaphylaxis: (severe/life threatening allergic reaction)","Vasoconstrictor, Bronchodilator, Antihistamine and Steroid, Tracheal intubation, Cardiopulmonary resuscitation (CPR) and IV fluids"
"39","Anemia:  (low red blood cell count)","Dietary supplement, Blood transfusion and Vitamin"
"40","Ankle laceration:  (cut in skin)","Clean the wound followed by stiches, Nonsteroidal anti-inflammatory drug"
"41","Ankle swelling","RICE(rest, Ice, Compression, ELevation), Ibuprofen (Advil) or naproxen sodium"
"42","Ankylosing spondylitis:  (severe spine arthritis)","Stretching and Physical Therapy, Nonsteroidal anti-inflammatory drug, Immunosuppressive drug, Anti-inflammatory and Steroid"
"43","Anopheles: mosquito bite","Wash the area with soap and water. Apply an ice pack for 10 minutes to reduce swelling and itching. Reapply ice pack as needed., Anti-itch or antihistamine cream."
"44","Anorectal abscess: (perirectal) abscess","Surgical drain and Incision and drainage, Antibiotics and Penicillin"
"45","Anorexia: (eating disorder)","Support group, Cognitive behavioral therapy, Dialectical behavior therapy, Counseling psychology, Interpersonal psychotherapy, Family therapy, Behaviour therapy, Psychotherapy, Brief psychotherapy and Group psychotherapy, SSRIs and Antipsychotic."
"46","Anorexia nervosa:  (eating disorder)","Support group, Cognitive behavioral therapy, Dialectical behavior therapy, Counseling psychology, Interpersonal psychotherapy, Family therapy, Behaviour therapy, Psychotherapy, Brief psychotherapy and Group psychotherapy, SSRIs and Antipsychotic."
"47","Ant bite","Ice packs, Aloe and Menthol, Antihistamine, Nonsteroidal anti-inflammatory drug and Analgesic"
"48","Anticholinergic drug overdose","Rapidly transport the patient to the nearest emergency facility with advanced life support (ALS) capabilities, Physostigmine"
"49","Antidepressant overdose","Airway protection, Gastric decontamination, intravenous fluid, soduim bicarbonate"
"50","Anxiety","Avoid alcohol, Reduce caffeine intake, Physical exercise, Quitting smoking, Relaxation techniques, Stress management and Healthy diet, 
Cognitive behavioral therapy, Meditation and Psychotherapy, SSRIs, Anxiolytic, Antidepressant, Sedative and Nerve pain medication"
"51","Anxiety disorder: generalized anxiety disorder: GAD","Avoid alcohol, Reduce caffeine intake, Physical exercise, Quitting smoking, Relaxation techniques, Stress management and Healthy diet, Cognitive behavioral therapy, Meditation and Psychotherapy, SSRIs, Anxiolytic, Antidepressant, Sedative and Nerve pain medication"
"52","Aortic valve stenosis: tight heart valve","Diuretic, Aortic valve replacement, Balloon valvuloplasty"
"54","Aphthous ulcers: mouth stomatitis","Local anesthetic, Steroid and Anti-inflammatory"
"55","Aplastic anemia: bone marrow failure","Blood transfusion, Bone marrow stimulant and Immunosuppressive drug, Allotransplantation"
"56","Appendicitis","Appendectomy, Laparotomy and Laparoscopic surgery, Fasting from food and drink, Antibiotics and Penicillin"
"57","Arm laceration: skin cut","Clean the wound followed by stiches, Nonsteroidal anti-inflammatory drug"
"58","Arm swelling","RICE(Rest, Ice, Compression, Elevation), Ibuprofen (Advil) or naproxen sodium"
"59","Arrhythmia: abnormal heart rhythm","Antiarrhythmic, Calcium channel blocker, Beta blocker and Dietary supplement, Cardioversion and Radiofrequency ablation, Pacemaker and Implantable cardioverter defibrillator"
"60","Arteriovenous malformation: blood vessel abnormality, AVM","Monitoring for changes or improvement, Embolization and Radiation therapy"
"61","Arthritis: joint inflammation","Physical exercise, Weight loss, Yoga, Heating pad, Ice packs and Cold compress, Hip replacement, Knee replacement and Joint replacement, Nonsteroidal anti-inflammatory drug, Steroid, Analgesic, Narcotic and Immunosuppressive drug"
"62","Aseptic joint effusion: fluid in a joint: Effusion of joint","RICE(Rest, Ice, Compression, ELevation), a nonsteroidal anti-inflammatory drug (NSAID) like Advil (ibuprofen) or Aleve (naproxen)."
"63","Aseptic necrosis of bone: bone death and destruction","Quit smoking and Limit alcohol intake, Bone surgery, Bone grafting and Joint replacement, Nonsteroidal anti-inflammatory drug"
"64","Aspirin: salicylates overdose","Administering activated charcoal which adsorbs the salicylate in the gastrointestinal tract, Dextrose 5% in water (D5W), dialysis"
"65","Asthma","Bronchodilator, Steroid and Anti-inflammatory, Quitting smoking, Oxygen therapy"
"66","Atopic dermatitis: eczema","Steroid, Antihistamine and Topical antiseptic, Ultraviolet light therapy, Barrier cream, PUVA, Coal tar extract and Moisturizer"
"67","Atrial fibrillation: irregular heart rate","Cardioversion and Catheter ablation, Beta blocker, Calcium channel blocker, Antiarrhythmic and Anticoagulant, Cardiac monitoring, Cox maze procedure and Mini maze procedure"
"68","Atrioventricular node conduction block: heart block"," Atropine, but make require temporary transcutaneous pacing or transvenous pacing until they are not longer symptomatic"
"69","Atypical pneumonia: lung infection","antibiotics, nonsteroidal anti-inflammatory drugs (NSAIDs), drinking non-caffeinated fluids, such as water and herbal tea"
"70","Autoimmune conditions","nonsteroidal anti-inflammatory drugs (NSAIDs), such as ibuprofen (Motrin, Advil) and naproxen (Naprosyn), immune-suppressing drugs"
"71","Autoimmune disease","nonsteroidal anti-inflammatory drugs (NSAIDs), such as ibuprofen (Motrin, Advil) and naproxen (Naprosyn), immune-suppressing drugs"
"72","Avulsions: forcible tissue detachment","surgical reattachment"
"73","Back trauma: injury","Rest, Physical exercises, pain reliever such as acetaminophen, aspirin, ibuprofen, or naproxen."
"74","Bacterial dysentery: bacterial infection of the intestines","rehydration, antibiotics"
"75","Bacterial infection","Anitbiotics"
"76","Bacterial overgrowth of small intestine: Bacterial Overgrowth Syndrome","Surgery, Antibiotic therapy"
"77","Bacterial vaginosis: vaginal infection","Antibiotics"
"78","Baker's cyst: fluid sac behind knee","Nonsteroidal anti-inflammatory drug, Analgesic and Steroid, Apply Ice, Fluid drainage"
"79","Balanitis: penis swelling","Antibiotics, Antifungal and Steroid"
"80","Barrett's esophagus: esophagus inflammation","Proton-pump inhibitor, Photodynamic therapy, Ablation, Therapeutic endoscopy, Catheter ablation, Electrocoagulation"
"81","Bartholin abscess or cyst: sac of pus near the vaginal opening","sitz bath, Fluid drainage"
"82","Basilar artery migraine: headache","Ibuprofen, Small molecule CGRP antagonists such as rimegepant(Nurtec),Antinausea medications such as metoclopramide (Reglan) "
"83","Basilar skull fracture: broken skull","Acetaminophen for a short course, Surgery is cerebrofluid leakage is found"
"84","Beta blocker overdose: blood pressure medication overdose","Treatment with calcium salts may provide benefits for hypotensive patients who overdosed on beta-blockers alone or in combination with a calcium channel blocker."
"85","Behcet's disease: small blood vessel inflammation disorder","Steroids, mouthwash and eyedrops can provide relief"
"86","Bee sting: wasp sting","Treatment involves removing the stinger followed by washing the area with soap and water then applying cold compresses or ice, Creams to the affected area to reduce discomfort, Severe reactions may need adrenaline."
"87","Bell's palsy: facial muscle weakness","Physiotherapy, Steroid and Antiviral drug"
"88","Benign positional vertigo: sensation of spinning","Treatment includes a series of head movements that shift particles in the ears, Epley maneuver"
"89","Benign prostatic hyperplasia: prostate enlargement","Treatments include medication that relaxes or shrinks the prostate, Minimal invasive surgery, Urinary retention medication"
"90","Benzodiazepine: Valium abuse","Medical detox, Therapy known as Cognitive Behavioral Therapy"
"91","Benzodiazepine: Valium overdose","Medical detox, Therapy known as Cognitive Behavioral Therapy"
"93","Bipolar disorder: manic depressive disorder","
Therapies such as Support group, Cognitive behavioral therapy, Psychoeducation, Family therapy and Psychotherapy, Medications such as Anticonvulsant, Antipsychotic and SSRIs"
"94","Black widow spider bite","Wash the area with soap and water, then apply a cold washcloth or ice pack wrapped in cloth to the area, Then take an over-the-counter pain reliever, like Tylenol. If the bite is on your arm or leg, elevate it to prevent swelling. Apply an antibiotic cream or lotion to the bite. Antivenin, a drug made from substances in the blood of horses since it neutralizes the black widow’s venom."
"95","Bladder cancer","Radiation therapy and Urinary diversion, Chemotherapy"
"96","Bladder stone, urinary","Transurethral cystolitholapaxy, Percutaneous suprapubic cystolitholapaxy, Open cystostomy"
"97","Bleeding tendency: bleeding disorder","Treatment for bleeding diathesis depends on the cause and the severity of the disorder. Synthetic production of blood."
"98","Blepharitis: eyelid swelling","Avoid eye makeup, Hygiene, Gentle eyelid scrub, Artificial tears and Warm compress, Massage, Antibiotics"
"99","Blood loss","Applying firm pressure with a sterile bandage for at least 5 minutes and elevating the area, Blood transfusion"
"101","Body dysmorphic disorder: body appearance obsession","Behaviour therapy, Psychotherapy and Cognitive behavioral therapy, SSRIs"
"102","Bone metastases: cancer spread to bone","Treatment of the primary cancer via chemotherapy, hormone therapy, radiation therapy, immunotherapy, or treatment with monoclonal antibodies"
"103","Botulism: bacterial toxin causing muscle weakness","Mechanical ventilation and IV fluids, Nasogastric intubation" 
"105","Bradycardia: slow heart rate","Beta blockers, Problem cause specific treatment, Pacemaker"
"106","Brain abscess: collection of pus in the brain","Antibiotics, Craniotomy, A short course of high-dosage corticosteroids such as meningitis."
"107","Brain tumor: cancer of the brain","Chemotherapy, Craniotomy, Tomotherapy and Radiation therapy"
"108","Breast abscess: collection of pus in the breast","Avoid tight clothing, Hygiene, Breastfeeding and Warm compress, Nonsteroidal anti-inflammatory drug, Analgesic, Penicillin and Antibiotics, Incision and drainage"
"109","Breast cancer: tumor","Mammaplasty, Tissue expansion, Lymph node dissection, Lumpectomy and Mastectomy, Teletherapy and Radiation therapy, Estrogen modulator, Chemotherapy, Hormone based chemotherapy and Bone health"
"110","Breast fat necrosis: dead breast fat","Ibuprofen (Advil, Motrin) or apply a warm compress to the area, Surgery(rare)"
"111","Breast fibroadenoma: benign breast lumps","Biopsy to evaluate lumps, Surgery to remove it."
"112","Bronchial asthma","Bronchodilator, Steroid and Anti-inflammatory, Quitting smoking, Oxygen therapy"
"113","Bronchiectasis: bronchial tube inflammatory damage","Physical Therapy, Pulmonary rehabilitation and Airway clearance technique, Oxygen therapy, Bronchodilator, Steroid, Penicillin and Antibiotics"
"114","Bronchiolitis: bronchial tube inflammation","Nasal suctioning, Oxygen therapy, Can be self-healing, IV fluids and Sodium chloride, Analgesic, Nonsteroidal anti-inflammatory drug and Bronchodilator"
"115","Bronchitis: bronchial tube infection","Can be self-healing, Nonsteroidal anti-inflammatory drug, Analgesic, Narcotic and Cough medicine, Throat lozenge and Quitting smoking"
"116","Brown recluse spider bite","Rest-Ice-Compression-Elevation (RICE), Antibiotics, Special wound dressings and skin grafts."
"117","Bulimia nervosa: binge eating, vomiting","Therapies, SSRIs(Selective serotonin reuptake inhibitor), Physical Exercise."
"118","Burkitt lymphoma: lymph node tumor","Intensive intravenous chemotherapy, Intrathecal chemotherapy, Drugs like: cyclophosphamide, cytarabine, doxorubicin (Adriamycin)"
"119","Burning mouth syndrome","Sucking on Ice chips, Sipping cold liquids, Avoiding acidic foods."
"120","Burns","Immersion in cool water, Eye flushing, Aloe and Alginic acid, Topical antiseptic and Antibiotics, Fluid replacement, Hyperbaric medicine and Hydrotherapy"
"121","Bursitis: inflammation of joint cushion","Nonsteroidal anti-inflammatory drug, RICE (Rest, Ice, Compression, Elevation), Cold compress and Physical exercise"
"122","Caffeine use","Activated Charcoal, Laxative, Gastric Lavage"
"123","Calcium channel blocker overdose: blood pressure medication overdose","GI decontamination, Resuscitation with calcium and glucagon infusion, Judicious use of inotropes."
"124","Calluses and corns","Soaking the area in warm water for 5-10mins, Using pumice stone or emery board to remove dead tissue, Moisturizing cream or lotion."
"125","Campylobacter infection: intestinal bacterial infection","Anitbiotics, Drinking Fluids."
"126","Cancer: tumor","Suurgery, Chemotherapy, Radiation therapy, or a combination of the three."
"127","Candida albicans: yeast infection","A short course of an over-the-counter (OTC) or prescription antifungal cream, pill, or suppository. Single dose of an oral antifungal medication(fluconazole)."
"128","Carbon monoxide poisoning: odorless, poisonous gas","Hyperbaric oxygen therapy (HBOT)"
"129","Cardiac arrhythmia: abnormal heart rate","Antiarrhythmic, Calcium channel blocker, Beta blocker and Dietary supplement, Cardioversion and Radiofrequency ablation, Pacemaker and Implantable cardioverter defibrillator"
"130","Cardiomyopathy: weakened heart","Anticoagulant, Beta blocker, ACE inhibitor, Diuretic, Antihypertensive drug, Statin and Antiarrhythmic, Cardiac catheterization and Revascularization, Coronary artery bypass surgery and Heart transplant, Pacemaker and Implantable cardioverter defibrillator"
"131","Carotid artery dissection: neck artery tear","Antiplatelet agents(Aspirin or Clopidogrel) , Angioplasty"
"132","Carotid cavernous fistula(CCF): abnormal blood vessel communication","Indirect CCF will close without any treatment, Severe may require Surgery(endovascular embolization)"
"133","Carpal tunnel syndrome: wrist nerve compression","Splint, Steroid and Nonsteroidal anti-inflammatory drug, Carpal tunnel surgery, Ice packs and Rest, Stretching"
"134","Spinal cord compression: cauda equina syndrome","Emergency surgery to repair broken spine, Radiation therapy, Draining of an abscess or hematoma."
"135","Cavernous sinus aneurysm: head vein dilation","Surgery(Electrosurgery, Sclerotherapy)."
"136","Cavernous sinus thrombosis: head vein blood clot","Anticoagulants or Blood Thinners, Surgery(Thrombectomy)."
"137","Cavernous sinus tumor: head vein cancer","Tumor resection."
"138","Cavity: tooth caries","Dental filling, Oral hygiene and Fluoride"
"139","Celiac disease: celiac sprue","Gluten-free diet, Dietary supplement and Vitamin, Support group"
"140","Cellulitis: skin infection","Antibiotics and Penicillin"
"142","Cerebellar hemorrhage: bleeding in back of brain","Supportive care(Oxygen suppliment, Stabilization and resuscitation), Surgery."
"143","Cerebellar syndrome: loss of coordination","Surgery(if bleeding in cerebellum), anitbiotics(if have infection), Blood Thinners(if a stroke occured)."
"144","Cerebral contusion: bruise of brain","Surgery(if bruise is major), Supportive care and monitoring(if bruise is minor)"
"145","Cerebral palsy: movement disorder","Physical exercise and Special education, Occupational Therapy, Stretching and Physical Therapy, Muscle relaxant and Sedative, Gastrostomy"
"146","Cerebral vascular accident: stroke","Alteplase, Anticoagulant, Statin, Antihypertensive drug and ACE inhibitor, Cardiac monitoring, Carotid endarterectomy, Speech therapy, Rehabilitation, Occupational Therapy, Physical Therapy and Stroke rehabilitation"
"147","Cerebrospinal fluid rhinorrhea: leakage of brain fluid from the nose","Medication to stop the production of fluid, Surgery."
"148","Cerumen impaction: ear wax buildup","Scoop out wax via 'curerrte', Irrigate ear via warm water or sodium bicarboante, Using wax softening drop or baby oil to soften earwax and pull it out."
"149","Cervical cancer: tumor","Depending upon stage: Teletherapy, Brachytherapy, Loop electrosurgical excision procedure, Radiation therapy and Cervical conization, Chemotherapy, Hysterectomy, Cervicectomy, Cryosurgery, Lymph node dissection and Retroperitoneal lymph node dissection"
"150","Cervical lymphadenopathy: enlarged neck lymph nodes","Antibiotics, Antivirals, Adequate rest, Chemotherapy, Irradiation therapy, Suurgery to remove lymph nodes."
"151","Cervical radiculopathy: pinched nerve in neck","Corticosteroids (powerful anti-inflammatory drugs), Nonsteroidal pain medication like ibuprofen or naproxen, Physical therapy(gentle cervical traction and mobilization), Surgery."
"152","Cervical spine fracture: broken neck bone","Neck Brace or Collar, Traction, Surgery."
"153","Cervical spondylosis: neck arthritis","Warm compress, Ice packs and Physical exercise, Physical Therapy, Analgesic, Nonsteroidal anti-inflammatory drug, Muscle relaxant, Steroid, Narcotic and Local anesthetic, Spinal surgery, Laminectomy, Laminotomy, Microsurgery"
"154","Cervicitis: inflammation of the lower uterus","Depending on cause: Antibiotics, Antifungal medications, Antiviral medications, Patient should not have sex until they and their partner have finished treatment."
"155","Chagas disease: trypanosomiasis","Antiparasitic"
"158","Chest trauma: injury","Surgery(After the First AID has been provided)."
"159","Child abuse","Ensuring the safety and protection for victim, Medical care(if needed), Psychotherapy."
"160","Chlamydia trachomatis infection: STD","Antibiotic, Also check for other commonly sexually transmitted infections."
"161","Chlorine bleach ingestion","Immediately wash the affected skin area with soap and water, or If eyes are infected, flush them with running water for at least 15 minutes — take out contact lenses first if present, and Remove any clothes that were on the areas of the body exposed to chlorine, or If chlorine has been orally ingested, drink milk or water immediately, unless you experience vomiting or convulsions, or If chlorine is inhaled, seek fresh air as soon as possible (going to the highest possible ground). Medications include: Activated charcoal, supportive medications, intravenous fluid, supplemental oxygen."
"162","Cholangitis: inflammation of the bile ducts","For acute cases: Antibiotics for up to 10 days e.g. (penicillin, ceftriaxone), Procedures e.g. (Intravenous fluids, bile duct drainage), For chronic cases: A drug called ursodeoxycholic acid may help protect the liver(Not treat Cholangitis). For Both cases: Endoscopic therapy, Percutaneous therapy, Surgery, Liver transplant."
"163","Cholecystitis: inflammation of the gallbladder","Fasting from food and drink, IV fluids, Antibiotics and Penicillin, Cholecystectomy"
"164","Choledocholithiasis: stone in bile duct","Stone extraction, fragmenting stones (lithotripsy), Cholecystectomy, Sphincterotomy, Biliary stenting, Biliary endoscopic sphincterotomy (BES)"
"165","Cholelithiasis: gallstones","Low fat diet, Cholesterol medication, Cholecystectomy and Laparoscopic surgery"
"166","Cholera: intestinal bacterial infection","Treatment includes rehydration, IV fluids and antibiotics, IV fluids and Oral rehydration therapy, Antibiotics"
"167","Cholesteatoma: middle ear mass","Antibiotics, eardrops to treat infected cyst followed by Surgery."
"168","Chronic fatigue syndrome: CFS","Stress management and Relaxation techniques, Support group, Antidepressant"
"169","Chronic liver disease","Corticosteroids, interferon, antivirals, bile acids based on the casue. Nutritional therapy, Surgery, Transplant."
"170","Chronic obstructive pulmonary disease: COPD, emphysema","Bronchodilator and Steroid, Oxygen therapy, Physical exercise, Quitting smoking and Diaphragmatic breathing, Pulmonary rehabilitation"
"171","Chronic pain","Physical exercise, Stress management and Relaxation techniques, Nerve pain medication, Analgesic and Narcotic, Nerve block(medical procedure)."
"172","Cirrhosis: liver failure and scarring","Low sodium diet and Avoid alcohol, Diuretic, Ammonia reducer, Beta blocker, Antibiotics and Antiviral drug, Rubber band ligation, Therapeutic endoscopy and Transjugular intrahepatic portosystemic shunt, Liver transplantation"
"173","Cluster headache: one-sided headache behind the eye","Oxygen therapy, Triptan, Calcium channel blocker, Steroid and Nerve pain medication"
"174","Coarctation of aorta: narrowing of the aorta","Stenting, Cardiac catheterization and Angioplasty, Surgical coarctation repair"
"175","Cocaine abuse","Benzodiazepines(to lower blood pressure and heart rate) folowed by Therapy."
"176","Cocaine overdose","Benzodiazepines(to lower blood pressure and heart rate) folowed by Therapy."
"177","Colic: prolonged infant crying episodes","Try the following one at a time. If one doesn’t work after a few days, try another: Pacifier, Swaddle the infant, Hold them with their bare skin against your own, Put them in a swing or vibrating seat, Use white noise (like a fan, washing machine, or dishwasher) or a recording of a heartbeat."
"178","Colitis: large intestine inflammation","Stabilize the patient's vital signs and help control pain if needed, Rehydration(orally or by intravenous fliuds)."
"179","Colonic diverticulitis: inflammation of pouches in the large intestine","Antibiotics, Penicillin and Dietary supplement, IV fluids, Clear liquid diet and Rest."
"180","Colon cancer: large intestine tumor","Lymph node dissection and Colectomy, Chemotherapy and Chemotherapy protective drugs"
"181","Common cold: upper respiratory infection","Nasal washing, Throat lozenge and Menthol, Nonsteroidal anti-inflammatory drug, Analgesic, Antihistamine, Cough medicine and Decongestant"
"182","Common spider bite: spider bite","Ice packs and Monitoring for changes or improvement, Ice packs, Analgesic, Nonsteroidal anti-inflammatory drug and Antihistamine"
"183","Compartment syndrome: increased pressure inside muscles","Fasciotomy"
"184","Concussion","Rest, Close monitoring, Analgesic, Rehabilitation"
"185","Congestive heart failure: CHF","Physical exercise, Quitting smoking, Weight loss and Low sodium diet, Diuretic, Beta blocker, ACE inhibitor, Antihypertensive drug, Dietary supplement, Blood pressure support, Vasodilator and Antianginal, Cardiac resynchronization therapy, Implantable cardioverter defibrillator, Coronary artery bypass surgery"
"186","Conjunctivitis: pink eye","Cold compress and Artificial tears, Can be self-healing, Antibiotics and Steroid"
"187","Constipation","Drinking more fluids, high-fibre foods, regular exercise. Stool softeners and laxatives."
"188","Contact dermatitis: contact skin irritation","Cold compress, Sunblock, Moisturizer and Barrier cream, Steroid, Antibiotics, Topical antiseptic, Antihistamine, Local anesthetic and Antifungal, Desensitization"
"189","Poison ivy: poison oak, poison sumac","Wash your skin and clothes, Antihistamine, Drying lotion, Warm baths to soothe skin."
"190","Contact urticaria: hives","Avoid scratching the irritated skin, Clean your skin with mild soap and lukewarm water, Apply bland petroleum jelly like Vaseline, Antihistamine drug such as diphenhydramine."
"191","Contusion: bruise, ecchymosis","Rest-Ice-Compression-Elevation (RICE), Using Elastic bandage, Paracetamol or ibuprofen."
"192","Corneal abrasion: scrape on eye","Clean and Protect the Eye, Antibiotic ointment or pain relievers like acetaminophen (Tylenol) or ibuprofen (Advil, Motrin)"
"193","Corneal foreign body: object in the eye","Clean and Protect the Eye"
"194","Coronary artery dissection: heart artery tear","Surgery"
"195","Costochondritis: chest wall inflammation","Analgesic, Nonsteroidal anti-inflammatory drug and Steroid, Stretching and Physical Therapy, Physical exercise"
"196","Cough medicine abuse","Intoxication, Therapy."
"197","Crohn's disease: regional enteritis, Crohn's colitis, intestinal inflammation","Nonsteroidal anti-inflammatory drug, Anti-inflammatory, Steroid, Vitamin and Antibiotics, Bowel resection, Dietary fiber, Enema."
"198","Cryptosporidium infection: diarrheal parasite infection: Infection by Cryptosporidium: Cryptosporidiosis infection: Infection by Cryptosporidium parvum","Anti-parasitic drugs, Anti-motility agents, Fluid replacement, Antiretroviral therapies."
"199","Cushing disease: excessive pituitary gland hormones","Reducing corticosteroid use, Surgery, Radiation therapy, Ketoconazole, mitotane (Lysodren) and metyrapone (Metopirone)"
"200","Cutaneous larva migrans: parasitic skin disease","Freezing the edge of skin, Thiabendazole, Albendazole."
"201","Cystocele: bladder hernia","Monitoring for changes or improvement, Kegel exercise and Physical Therapy, Pessary, Physical exercise, Colporrhaphy"
"202","Cytomegalovirus infection: CMV viral infection","Antivirals(Ganciclovir, Valganciclovir, Foscarnet)."
"203","De Quervain's tenosynovitis: hand tendon inflammation","RICE (Rest, Ice, Compression, Elevation), Splint, Nonsteroidal anti-inflammatory drug and Steroid, Occupational Therapy, Stretching, Physical Therapy and Massage"
"204","Deep venous thrombosis: DVT, venous blood clot","Compression stockings, Anticoagulant"
"205","Dehydration","Drinking water, oral rehydration solution (ORS) or sports drinks"
"206","Delirium tremens: severe alcohol withdrawal","Sedative and Vitamin, IV fluids, Alcohol detoxification"
"207","Dementia: decline in mental ability","Rehabilitation and Occupational Therapy, Cognition-enhancing medication"
"208","Dengue fever: tropical mosquito borne illness","Fluid replacement, Can be self-healing, Oral rehydration therapy and IV fluids, Analgesic"
"209","Dental abscess: tooth infection","Root canal, Incision and drainage, Dental filling and Tooth extraction, Antibiotics, Penicillin, Nonsteroidal anti-inflammatory drug and Analgesic, Ice packs"
"210","Dental eruption: appearance of new tooth","rest, ice packs."
"211","Dentures","Keep mouth clean. Regular drinking water."
"212","Depression: excessive sadness","antidepressants, antianxiety, antipsychotic medications, psychotherapy."
"213","Diabetes: high blood sugar","Artifical insulin(Type 1 diabetes), A diet change(Type 2 diabetes), Metformin(Type 2 diabetes)."
"214","Diabetes mellitus type 2: elevated blood sugar","A diet change, Metformin."
"215","Diabetic ketoacidosis: DKA, a complication of poorly controlled diabetes","Cardiac monitoring and Fluid replacement, Insulin and Dietary supplement"
"216","Diffuse esophageal spasm: painful contractions of the esophagus","peppermint oil or lozenges, Botulinum injections into the esophagus, surgery."
"217","Benadryl: diphenhydramine overdose","Fluids through a vein (by IV), Medicines to treat symptoms or reverse the effects of the overdose, Activated charcoal, laxative, Breathing suppor"
"218","Diphtheria infection: bacterial respiratory infection","Antibiotics and Penicillin"
"219","Discitis: spinal disk inflammation","Antibiotics, steroids, nonsteroidal anti-inflammatory drugs, such as ibuprofen, bed rest, wearing a back brace."
"220","Dislocation: joint out of place","Procedural sedation and analgesia, Reduction and Traction, Splint and Orthopedic cast, Joint manipulation, Rest"
"221","Dissecting aortic aneurysm: tearing and dilation of the aorta"
"222","Disseminated intravascular coagulation: DIC, abnormality of blood clotting"
"223","Unisom overdose: doxylamine overdose"
"224","Dressler syndrome: heart sac inflammation following heart attack or heart surgery"
"225","Drug overuse: Prescription Drug Overuse"
"226","Drug overdose"
"227","Drug reaction"
"228","Dry air nasal irritation"
"229","Dry socket: pain after tooth removal"
"230","Dysfunctional uterine bleeding: abnormal vaginal bleeding"
"231","E. coli infection: Escherichia coli, bacterial infection"
"232","Ear laceration: cut on the ear"
"233","Ear swelling"
"234","Eclampsia: hypertensive disorder of pregnancy"
"235","Ecstasy: MDMA abuse"
"236","Ectopic pregnancy: tubal pregnancy"
"237","Elapid: Elapid venom: cobra, coral, mamba venom toxicity"
"238","Empyema: collection of pus in chest"
"239","Encephalitis: brain infection"
"240","Endometrial cancer: cancer of the lining of the uterus"
"241","Endometriosis: uterine tissue outside the uterus"
"242","Endometritis: inflammation of the uterus"
"244","Enlarged lymph nodes: lymphadenopathy"
"245","Entamoeba histolytica infection: ameba infection: Infection due to Entamoeba histolytica"
"246","Hypothermia: extreme cold exposure"
"247","Hyperthermia: extreme heat exposure"
"248","Epidermal cyst"
"249","Inflammation of testicular tubes: epididymitis"
"250","Epidural abscess: brain or spine pus collection"
"251","Epidural hematoma: bleeding around brain or spine"
"252","Epiglottitis: severe throat inflammation"
"253","Nose bleed: epistaxis"
"255","Erythrasma: chronic bacterial skin infection"
"256","Esophageal achalasia: swallowing disease"
"257","Esophageal cancer: tumor"
"258","Esophageal cyst"
"259","Esophageal foreign body"
"260","Esophageal rupture: tear in esophagus"
"261","Esophageal spasm: painful muscle contraction"
"262","Esophageal stricture: narrowing of the esophagus"
"263","Esophageal varices: dilation of esophageal veins"
"264","Esophageal web: Schatzki's ring, constriction of esophagus"
"265","Esophagitis: esophageal inflammation"
"266","Essential hypertension: high blood pressure"
"267","Estrogen withdrawal: female hormone"
"269","Extremity trauma: leg or arm injury"
"270","Eye trauma: injury"
"271","Eyelid laceration: skin cut"
"272","Eyelid swelling"
"273","Facial laceration: skin cut"
"274","Facial trauma: facial injury"
"275","Facial swelling"
"276","Fallen arches: flat feet, pes planus"
"277","False pregnancy"
"278","Familial cold urticaria: cold-related hives"
"279","Fat embolism: blood clot from fat"
"280","Febrile: fever illness"
"281","Febrile seizure: convulsion in child with a fever"
"282","Fecal impaction: rectal blockage from stool"
"284","Femoral artery aneurysm: dilation of leg artery"
"285","Femoral hernia: groin hernia"
"286","Fetal alcohol syndrome"
"287","Fever: elevated temperature"
"289","Fibrocystic breasts: breast lumpiness"
"290","Fibroid: uterine muscle tumor"
"291","Fibromyalgia: chronic pain disorder"
"292","Filariasis: elephantiasis"
"293","Finger laceration: skin cut"
"294","Finger pulp infection: felon"
"295","Finger swelling"
"296","Foot laceration: skin cut"
"297","Foot swelling"
"298","Foreign body: object originating outside the body"
"300","Foreign body in the eye"
"302","Fracture: broken bone"
"303","Functional disorders: psychogenic illness"
"304","Fungal infections"
"305","Bacterial vaginosis: BV, garnerella vaginalis"
"306","Gastric ulcer: stomach ulcer"
"307","Gastritis: stomach inflammation"
"308","Gastroenteritis: intestinal infection"
"309","Gastroesophageal reflux: GERD, heartburn"
"310","Gastrointestinal bleeding: stomach, intestine bleeding"
"313","Genital herpes: HSV type 2 infection"
"314","Genital warts: HPV, Human papillomavirus infection"
"315","Gestational diabetes: diabetes during pregnancy"
"316","Gestational hypertension: high blood pressure in pregnancy"
"317","Giardiasis: giardia infection"
"318","Gingivitis: inflammation of the gums"
"319","Glaucoma: elevated eye pressure"
"320","Goiter: enlarged thyroid"
"321","Gout: uric acid crystals in the joint causing inflammation"
"322","Guillain Barre syndrome: ascending muscle weakness"
"323","Bunion of big toe: hallux valgus"
"324","Hammer toes: toe deformity"
"325","Hand laceration: skin cut"
"326","Hand swelling"
"327","Hand foot and mouth disease: Coxsackie virus"
"328","Hantavirus infection: rare, serious viral infection"
"329","Head injury"
"330","Head trauma"
"331","Headache"
"332","Hearing loss"
"334","Heat cramps"
"335","Heat exhaustion"
"336","Heat rash"
"337","Heat stroke"
"338","Hematocele: collection of blood around testicle"
"339","Hematoma: collection of blood"
"340","Hemophilia: inherited bleeding disorder"
"341","Hemoptysis: coughing blood"
"342","Hemorrhage of pregnancy: vaginal bleeding during pregnancy"
"343","Hemorrhoid: enlarged rectal veins"
"344","Hemotympanum: blood behind ear drum"
"345","Henoch Schönlein purpura: blood vessel inflammation"
"346","Hepatic abscess: collection of pus in the liver"
"347","Hepatitis: liver inflammation"
"348","Hereditary hemorrhagic telangiectasia: Osler Weber Rendu syndrome"
"349","Hernia"
"350","Herniated disc: slipped disc, ruptured disc"
"351","Herpes simplex infection: viral infection"
"352","Herpes stomatitis: viral mouth infection"
"353","Herpes vulvovaginitis: viral infection of the vagina: Herpesviral vulvovaginitis"
"354","Hiatal hernia: stomach pushes through diaphragm"
"356","Hip fracture: broken hip"
"358","Hordeolum: stye of eye"
"360","Humerus fracture: broken upper arm"
"361","Hydrocele: fluid collection near the testicle"
"362","Hyperemesis gravidarum: severe vomiting in pregnancy"
"363","Hyperkalemia: elevated potassium level"
"364","Hypertension: high blood pressure"
"365","Hypertensive emergency: severely high blood pressure"
"367","Hyperthyroidism: elevated thyroid hormone"
"368","Hypertrophic cardiomyopathy: thickened heart muscle"
"369","Hyperventilation: rapid breathing"
"370","Hyphema: traumatic blood in eye"
"371","Hypocalcemia: low blood calcium"
"372","Hypoglycemia: low blood sugar"
"373","Hypokalemia: low blood potassium"
"374","Hypokalemic periodic paralysis: inherited muscle weakness and low potassium"
"375","Hyponatremia: low blood sodium"
"376","Hypotension: low blood pressure"
"377","Hypothyroidism: low thyroid hormone"
"378","Hypoxia: lack of oxygen"
"379","Nonsteroidal anti-inflammatory drug overdose: Motrin, Advil"
"381","Impacted tooth: tooth that doesn't erupt"
"382","Impingement syndrome of shoulder: bone rubs again tendon, bursa"
"383","Infection"
"384","Infectious mononucleosis: Epstein Barr virus, ""Mono"""
"386","Inflammatory conditions"
"387","Influenza: seasonal flu"
"388","Inguinal hernia: groin hernia"
"389","Inhalants abuse: huffing"
"391","Insulin overdose"
"392","Interstitial cystitis: bladder inflammation"
"393","Intestinal ischemia: decreased intestinal blood flow"
"394","Intestinal volvulus: twisting of intestine"
"395","Intracranial hemorrhage: bleeding in brain"
"396","Intrahepatic cholestasis of pregnancy: liver disorder in pregnancy"
"398","Intravenous drug abuse: IVDA"
"399","Intussusception: telescoping intestine"
"400","Iron overdose"
"401","Irritable bowel syndrome: IBS, chronic intestinal pain and cramping"
"402","Jet lag"
"403","Kaposi Sarcoma: type of cancer"
"404","Kawasaki disease: pediatric blood vessel disease"
"405","Keratitis: inflammation of cornea"
"406","Kidney cancer: tumor"
"407","Knee laceration: skin cut"
"408","Knee swelling"
"409","Labyrinthitis: dizziness and vertigo"
"410","Laceration: skin cut"
"411","Bowel obstruction: intestinal blockage"
"412","Laryngeal carcinoma: throat cancer"
"413","Laryngitis: voice box inflammation"
"414","Tennis elbow: lateral epicondylitis"
"415","Laxative abuse"
"416","Lead overdose: lead poisoning"
"417","Lead poisoning: toxicity"
"418","Leg laceration: skin cut"
"419","Leg swelling: leg edema"
"420","Legg Calve Perthes disease: childhood hip condition"
"421","Legionellosis: Legionnaires' disease"
"422","Leishmaniasis: parasitic infection, kala azar"
"423","Leptospirosis: bacterial infection"
"424","Leukemia: blood cell cancer"
"425","Lichen planus: chronic skin inflammation"
"426","Ligament sprain: connection between two bones"
"427","Ligament tear: connection between two bones"
"428","Limb ischemia: decreased blood flow"
"429","Lip laceration: skin cut"
"430","Lip swelling"
"431","Lipoma: benign fatty tumor"
"432","Liver abscess: collection of pus"
"433","Liver cancer: tumor"
"434","Low blood pressure: hypotension"
"436","Low platelets: thrombocytopenia"
"437","Ludwigs angina: severe infection in the floor of the mouth and neck"
"439","Lung abscess: collection of pus"
"440","Lung cancer: tumor"
"441","Lupus: systemic lupus erythematosus, SLE"
"442","Lyme disease: bacterial infection from ticks"
"443","Lymphangitis: lymph tissue inflammation"
"444","Magic mushroom ingestion: psilocybin"
"445","Major depressive disorder: severe depression"
"446","Malabsorption syndrome: abnormal intestinal digestion"
"447","Malaria: mosquito transmitted illness"
"448","Malignant hyperthermia: rare temperature abnormality"
"449","Mallet finger: finger tendon rupture"
"450","Mallory Weiss syndrome: esophageal tear"
"451","Malnutrition"
"452","Marijuana use"
"453","Mastitis: breast infection inflammation"
"454","Maxillary sinus carcinoma: sinus cancer"
"455","Measles: viral disease with typical rash"
"456","Meckel's diverticulum: bulge in small intestine"
"458","Mediastinitis: inner chest inflammation"
"461","Meniere's disease: dizziness and vertigo"
"462","Meningitis: spinal fluid infection"
"463","Meniscus injury: knee cartilage injury"
"464","Menopause: end of menstruation and fertility"
"466","Metastatic neoplasm: cancer spread"
"467","Methamphetamine abuse"
"468","Methyl alcohol intoxication: methanol"
"469","Migraine: type of headache"
"470","Miscarriage"
"471","Mitral valve prolapse: abnormal heart valve"
"472","Mittelschmerz: ovulation pain"
"473","Molar pregnancy: gestational trophoblastic disease, pregnancy-related tumor"
"474","Mononucleosis: common viral illness"
"475","Mosquito bite"
"476","Motion sickness"
"477","Motor neuron disease: progressive nerve disorder"
"478","Mouth laceration: mouth cut"
"479","Mouth swelling"
"480","Mouth trauma: injury"
"482","Multiple pregnancy: twins, triplets, etc"
"483","Multiple sclerosis: MS"
"484","Mumps: viral infection involving salivary glands"
"485","Munchausen syndrome: fabricated illness"
"486","Munchausen syndrome by proxy: fabricated illness in a dependent"
"488","Myasthenia gravis: autoimmune disease of the nerves, muscles"
"490","Mycoplasma genitalium: sexually transmitted disease"
"491","Myelodysplastic syndrome: bone marrow failure"
"492","Myocardial infarction: heart attack"
"493","Myocarditis: heart muscle inflammation"
"494","Myopathy: muscle disease"
"495","Myositis: muscle inflammation or infection"
"497","Nail avulsion: traumatic removal of nail"
"498","Nail bruise: subungual hematoma"
"499","Nail contusion: swelling of finger and nail"
"500","Nail laceration: nail bed cut"
"501","Narcolepsy: uncontrollable sleeping"
"502","Narcotic: morphine, heroin abuse"
"503","Narcotic: morphine, heroin overdose"
"504","Nasal cancer: tumor"
"505","Nasal fracture: broken nose"
"506","Nasal polyps: growths"
"507","Nasal trauma: nose injury"
"508","Nasopharyngeal carcinoma: tumor"
"509","Neck trauma: injury"
"510","Necrotizing fasciitis: life-threatening infection"
"511","Neisseria gonorrhea infection: sexually transmitted disease"
"512","Neisseria meningitidis infection: Neisseria meningitidis: meningococcus, serious bacterial illness"
"513","Kidney stone: nephrolithiasis"
"514","Neurogenic bladder: bladder paralysis"
"515","Non venomous snake bite"
"516","Normal menstruation"
"517","Norovirus infection: viral diarrhea, Norwalk virus"
"519","Nursemaid's elbow: radial head subluxation"
"520","Obsessive compulsive disorder: OCD, anxiety disorder"
"522","Onchocerciasis: river blindness"
"523","Ophthalmoplegia: eye muscle weakness"
"524","Optic neuritis: optic nerve inflammation"
"525","Oral candidiasis: thrush, oral yeast"
"526","Oral ulcers: mouth ulcers"
"527","Orbital cellulitis: soft tissue eye infection"
"528","Orbital fracture: broken bone near the eye"
"529","Orbital mass: growth near the eye"
"530","Orchitis: inflammation of the testicles"
"531","Mouth cancer: oropharyngeal cancer"
"532","Osteoarthritis: bone inflammation"
"533","Osteochondritis dissecans: joint disorder"
"534","Osteomyelitis: bone infection"
"535","Ear infection, outer: otitis externa"
"536","Ear infection, middle ear: otitis media"
"537","Ototoxicity: ear toxicity"
"538","Ovarian cancer: female organ cancer"
"539","Ovarian cyst: female organ fluid collection"
"540","Ovarian torsion: twisting of the ovary"
"541","Overdose"
"542","Overuse syndrome: injury from repetitive activity"
"543","Paget disease of the nipple: rare breast cancer"
"544","Pancoast syndrome: apical lung tumor"
"545","Pancreatic cancer: tumor"
"546","Pancreatitis: pancreas inflammation"
"547","Pancreas inflammation: pancreatitis, chronic"
"548","Panic disorder"
"549","Paralytic Ileus: intestinal paralysis"
"550","Parasite infection"
"551","Parkinson's disease: movement disorder"
"552","Paronychia: infection around the nail"
"553","Parotitis: salivary gland inflammation"
"554","Patellar dislocation: knee cap dislocation"
"555","Patellar: knee cap tendon rupture"
"557","Pelvic inflammatory disease: PID, female reproductive organ infection"
"558","Penis carcinoma: tumor"
"560","Perforated septum: hole in skin between nostrils"
"561","Pericarditis: heart sac inflammation"
"562","Periodontitis: gum inflammation"
"563","Periorbital cellulitis: infection around eye"
"564","Peripheral nerve transection: nerve injury"
"565","Peripheral neuropathy: nerve damage"
"566","Peripheral vascular disease: blocked blood vessels"
"567","Peritonitis: abdominal cavity inflammation"
"568","Peritonsillar abscess: collection of pus around tonsils"
"569","Personality disorder: unhealthy patterns of thinking and behavior"
"570","Pesticide poisoning: organophosphate poisoning"
"571","Pharyngeal pouch: Zenker's diverticulum, weakening of the esophageal wall"
"572","Pharyngitis: throat infection"
"573","Pheochromocytoma: adrenal gland tumor"
"574","Phobias: irrational fear"
"575","Pickwickian syndrome: severe obesity"
"576","Pituitary tumor"
"577","Pityriasis rosea: inflammatory skin rash"
"578","Placenta previa: placenta covers cervix"
"579","Placental abruption: placenta separation"
"580","Plague: bubonic plague, bacteria yersinia infection"
"581","Plantar fasciitis: inflammation of tissue at the bottom of the foot"
"582","Plantar wart: human papilloma virus infection, foot warts"
"583","Pleural effusion: abnormal chest fluid"
"584","Pleuritis: inflammation of the lung's lining, pleurisy"
"585","Pneumonia: lung infection"
"586","Pneumothorax: collapse of lung"
"587","Poisoning"
"588","Poliomyelitis: polio"
"589","Polycystic kidney disease: inherited kidney disorder"
"590","Polycystic ovarian syndrome: PCOS, female hormonal disorder"
"591","Polycythemia vera: increased number of red blood cells"
"592","Polyphagia: overeating"
"593","Post concussive syndrome: symptoms after a concussion"
"594","Post nasal drip"
"595","Post-traumatic stress disorder: PTSD"
"596","Posterior inferior cerebellar artery syndrome: stroke syndrome"
"597","Postural hypotension: low blood pressure after standing"
"599","Pregnancy"
"600","Premenstrual syndrome: PMS"
"601","Prescription drug abuse"
"602","Preseptal hematoma: blood clot in the nose"
"603","Priapism: persistent erection"
"604","Primary affective disorder: depression"
"605","Insomnia: difficulty sleeping"
"606","Primary sclerosing cholangitis: bile duct disease"
"607","Primary dysmenorrhea: painful menstruation"
"608","Prinzmetal angina: heart artery spasm"
"609","Prostate cancer: male anatomy cancer"
"611","Prostatitis: prostate inflammation"
"612","Pruritus ani: anal itching"
"613","Pseudogout: calcium deposit arthritis"
"614","Puerperal depression: depression after giving birth"
"615","Puerperal psychosis: loss of contact with reality after birth"
"616","Pulmonary edema: fluid build-up in the lungs"
"617","Pulmonary embolism: blood clot in the lungs"
"618","Pulmonary fibrosis: lung scarring"
"619","Pulmonary hypertension: high blood pressure in the lungs"
"620","Pulpitis: dental root inflammation"
"621","Puncture wound"
"622","Puncture wound of ankle"
"623","Puncture wound of arm"
"624","Puncture wound of ear"
"625","Puncture wound of eyelid"
"626","Puncture wound of face"
"627","Puncture wound of finger"
"628","Puncture wound of foot"
"629","Puncture wound of hand"
"630","Puncture wound of knee"
"631","Puncture wound, leg: Puncture wound of leg"
"632","Puncture wound of lip"
"633","Puncture wound of mouth"
"634","Puncture wound of scalp"
"635","Puncture wound of skin"
"636","Puncture wound of toe"
"637","Pyelonephritis: kidney infection"
"638","Quaternary syphilis: late stage syphilis"
"639","Radial head fracture: broken elbow bone"
"640","Radiator fluid: ethylene glycol poisoning"
"641","Increased pressure in the skull: raised intracranial pressure"
"642","Ramsay Hunt syndrome: viral infection causing facial weakness"
"643","Rectal abscess: collection of pus in the rectum"
"644","Rectal cancer: tumor"
"645","Rectal impaction: collection of pus in the rectum: Fecal impaction of rectum"
"646","Rectal prolapse: rectal protrusion"
"647","Rectal ulcer"
"649","Reiter syndrome: type of joint inflammation"
"650","Renal arteriovenous malformation: AVM, blood vessel abnormality of the kidney"
"651","Renal artery stenosis: kidney artery narrowing"
"652","Renal failure, acute: sudden kidney failure"
"653","Renal failure, chronic: ongoing kidney failure"
"654","Renal infarct: kidney damage from an area of blocked blood flow"
"655","Renal trauma: kidney trauma"
"656","Renal vein thrombosis: kidney vein clot"
"657","Respiratory failure: breathing failure, ARDS"
"658","Restless legs syndrome: nervous system disorder"
"659","Retroperitoneal hemorrhage: flank bleeding"
"660","Retropharyngeal abscess: throat abscess"
"661","Rhabdomyolysis: severe muscle breakdown"
"662","Rheumatoid arthritis: type of chronic joint inflammation"
"663","Rhinosporidiosis: fungal nasal infection"
"664","Rhinovirus infection: common cold"
"665","Rib fracture: broken bone"
"666","Rickettsial infections: type of bacterial infection"
"667","Rotator cuff syndrome: shoulder injury"
"668","Rotavirus infection: intestinal viral infection"
"669","Rubbing: isopropyl alcohol overdose"
"670","Salmonella infection: common bacterial intestinal infection"
"671","Severe Acute Respiratory Syndrome: SARS, serious viral pneumonia"
"672","Scalp laceration: scalp cut"
"673","Scalp swelling"
"674","Scarlet fever: post strep inflammation"
"675","Schistosomiasis: parasite infection"
"676","Schizoaffective disorder: features of schizophrenia and mood disorder"
"677","Schizophrenia: chronic impaired reality perception"
"678","Sciatica: lower back nerve irritation"
"679","Sclerosing cholangitis: progressive bile duct disease "
"680","Scoliosis: crooked spine"
"681","Scorpion sting"
"682","Scrotal hematoma: collection of blood in skin around testicles"
"683","Seasonal affective disorder: intermittent seasonal depression"
"684","Sebaceous cyst: sac under the skin"
"685","Secondary dysmenorrhea: painful menstruation"
"686","Self-inflicted injury"
"687","Sepsis: serious blood infection"
"688","Septal perforation: hole in the skin between nostrils"
"689","Septic arthritis: joint infection"
"690","Septic hip: infected hip joint"
"691","Septic knee joint: infected knee joint"
"692","Septic shock: low blood pressure from serious blood infection"
"693","Serotonin syndrome: severe medication reaction"
"694","Serum sickness: abnormal immune system response"
"696","Sexually transmitted disease: STD"
"697","Shigellosis: bacterial intestinal infection"
"698","Shingles: herpes zoster"
"699","Shock: severe low blood pressure"
"700","Shoulder joint dislocation: dislocated shoulder"
"701","Sialolithiasis: salivary gland stone"
"702","Sickle cell crisis: complication of sickle cell disease"
"703","Sickle cell disease: disease of red blood cells"
"704","Sinusitis: sinus infection"
"706","Sjogren's syndrome: dry eyes and mouth"
"707","Skin abscess: collection of pus"
"708","Skin laceration: cut skin"
"709","Skin swelling"
"710","Skull fracture: broken bone"
"711","Slipped capital femoral epiphysis: adolescent hip disorder"
"712","Small bowel lymphoma: intestinal lymph node cancer"
"714","Smallpox: Variola virus infection"
"715","Smoke inhalation"
"716","Smoking: tobacco use disorder"
"717","Social anxiety disorder: social phobia"
"718","Spermatocele: sperm-filled epididymal cyst"
"719","Insect bite"
"720","Spinal abscess: collection of spinal pus"
"721","Spinal cord injury, acute"
"722","Splenic infarction: death of spleen"
"723","Spondylolisthesis: slipped back bone"
"724","Sprain: stretched, torn ligament"
"725","Squamous cell cancer: common skin cancer"
"726","Steroid abuse"
"727","Steroid use"
"728","Steven Johnson syndrome: rare, serious skin disorder"
"729","Muscle strain: pulled muscle"
"730","Strangulation of genitalia: constriction of genital blood supply"
"731","Streptococcus infection: strep throat bacteria"
"732","Stress"
"733","Stress headache: tension headache"
"734","Stress incontinence: unintentional urination with cough or sneeze"
"735","Subarachnoid hemorrhage: brain bleeding"
"736","Subdural hematoma: bleeding on brain"
"737","Substance abuse"
"738","Subungual hematoma: blood under nail"
"739","Suicide"
"740","Supracondylar fracture: elbow fracture"
"741","Swimmer's itch: cercarial dermatitis"
"742","Symptomatic dermatographism: exaggerated skin response to pressure"
"743","Syphilis: treponema pallidum"
"744","Systemic sclerosis: scleroderma, progressive soft tissue hardening"
"746","Tarantula bite: Tarantula Venoms"
"747","Tarsal tunnel syndrome: foot nerve damage"
"748","Temporal arteritis: inflamed scalp artery"
"749","Temporal lobe epilepsy: non-convulsive seizure"
"750","Temporomandibular joint syndrome: TMJ, jaw joint pain"
"751","Tendonitis: tendon inflammation"
"752","Tenosynovitis: tendon sheath inflammation"
"753","Tension pneumothorax: dangerous lung collapse"
"754","Testicular cancer: tumor"
"755","Testicular torsion: twisting of testicle"
"756","Third cranial nerve disorder: disorder of eye movement"
"757","Thoracic outlet syndrome: nerve, blood vessel compression"
"758","Thrombocytopenia: low platelet count"
"759","Thyroglossal duct cyst: neck cyst"
"760","Thyroiditis: thyroid inflammation"
"761","Tick paralysis: toxin from ticks"
"762","Tick borne encephalitis: brain infection"
"763","Tinea: fungal skin infection"
"764","laceration of toe: cut skin"
"765","Toe swelling"
"766","Tongue cancer: tumor"
"767","Tonsillar cancer: tumor tongue"
"768","Tonsillitis: tonsil infection"
"770","Toothache"
"771","Torticollis, spasmodic: neck muscle spasm"
"772","Preeclampsia: toxemia of pregnancy"
"773","Toxic shock syndrome: life-threatening bacterial infection complication"
"774","Toxoplasma infection: Toxoplasmosis: parasite infection"
"775","Transient ischemic attack: TIA, reversible stroke"
"776","Transverse myelitis: spinal cord inflammation"
"777","Trauma"
"778","Traumatic nerve injury"
"780","Trichinella spiralis infection: trichinosis, parasitic infection from undercooked pork"
"781","Trichomonas vaginalis infection: vaginal infection"
"782","Trigeminal neuralgia: facial nerve pain"
"783","Tuberculosis infection: TB"
"784","Tubo ovarian abscess: pelvic abscess"
"785","Ear drum rupture: tympanic membrane rupture"
"786","Typhoid fever: salmonella typhi infection from contaminated food or water"
"788","Ulcerative colitis: large intestine inflammation"
"789","Unstable angina: pre heart attack chest pain"
"790","Upper respiratory tract infection: URI, common cold"
"791","Ureaplasma urealyticum infection: genital infection"
"792","Urethritis: infection of urethra"
"793","Bladder infection: cystitis, UTI, urinary tract infection"
"794","Urinary tract malformation"
"795","Urine retention: inability to urinate"
"796","Urticaria: hives"
"797","Uterine prolapse: uterine vaginal protrusion"
"798","Uterine rupture: uterine tear during childbirth"
"799","Uveitis: iritis, eye inflammation"
"800","Vaccination"
"801","Vaginal atrophy: atrophic vaginitis"
"802","Vaginal cancer: tumor"
"803","Vaginal foreign body"
"805","Vaginitis: vaginal infection inflammation"
"807","Varicocele: testicular vein enlargement"
"808","Blood vessel headache: familial basilar artery migraine headache"
"809","Vascular insufficiency due to peripheral artery disease: PAD, claudication, inadequate blood flow"
"810","Vasculitis: inflammation of the arteries"
"811","Vasovagal syncope: fainting"
"812","Vertebral artery dissection: neck artery tear"
"813","Vertebral fracture: broken back or neck bone"
"814","Vertebral- basilar artery insufficiency: inadequate blood flow to the back of the brain: vertebro-basilar insufficiency"
"815","Vertebral-basilar stroke: stroke in the back of the brain: Vertebro basilar insufficiency"
"816","Vertigo: spinning sensation"
"817","Vesicovaginal fistula: connection between the bladder and vagina"
"818","Vestibular neuronitis: labyrinthitis, vertigo"
"819","Vibrio parahaemolyticus infection: bacterial infection from shellfish"
"820","Rattlesnake: pit viper bite"
"821","Viral hemorrhagic fevers: Ebola, Lassa"
"822","Viral infections"
"823","Vitiligo: loss of skin pigment","Photodynamic therapy, Steroid and Immunosuppressive drug"
"824","Vocal cord nodule: growth on the vocal cords"
"825","Vocal cord paralysis: voice box weakness"
"826","Volvulus: twisted intestine"
"827","Vulvar squamous cell carcinoma: skin cancer on female genitalia"
"828","Waldenström macroglobulinemia: blood cell disease"
"829","Warfarin: Coumadin, Jantoven overdose"
"830","Warfarin: Coumadin use"
"832","Wegener's granulomatosis: granulomatosis with polyangiitis,  blood vessel disease"
"833","West Nile virus infection: mosquito-transmitted illness"
"834","Whiplash injury: neck injury"
"835","White coat hypertension: elevated blood pressure at doctor's office"
"836","Whooping cough: pertussis"
"837","Windshield wiper fluid: Methanol poisoning"
"838","Wolff Parkinson White syndrome: WPW, additional electrical pathway in the heart"
"841","Yellow fever: viral hemorrhagic fever"
"842","Zenker's diverticulum: pharyngeal pouch, weakening of the esophageal wall"
"848","Seizure: abnormal brain electrical activity"
"849","Pilonidal cyst: fluid filled sac on tailbone"
"851","Essential tremor: abnormal rhythmic shaking"
"852","Lymphoma: lymph node cancer"
"853","Osgood Schlatter disease: painful shinbone inflammation"
"854","Nasal foreign body: unnatural object in the nose"
"855","Respiratory syncytial virus: RSV, pediatric respiratory infection"
"856","Hodgkin's disease: cancer of the lymph system"
"857","Autism spectrum disorder: ASD"
"858","Polymyalgia rheumatica: PMR, muscle and joint disorder"
"859","Swine Flu: H1N1 Influenza"
"860","Fifth disease: erythema infectiosum, viral illness"
"861","Sagittal sinus thrombosis: venous blood clot in the brain"
"862","Cervical spine stenosis: narrowing of spinal canal"
"863","Cervical myelopathy: spinal cord compression"
"864","Spinal cord tumor"
"865","Brachial plexus injury: shoulder nerve injury"
"866","Brain arteriovenous malformation: blood vessel abnormality in the brain, AVM: Arteriovenous malformation of brain"
"867","Carotid artery stenosis: neck artery narrowing"
"868","Meningioma: brain tumor"
"869","Astrocytoma: brain tumor"
"870","Hydrocephalus: brain fluid build-up"
"872","Central cord syndrome: traumatic spine injury"
"873","Cerebral aneurysm: brain artery dilation"
"874","Pseudotumor cerebri: increased pressure in the skull"
"875","HIV AIDS: Human Immunodeficiency Virus, Acquired Immune Deficiency Syndrome: Human immunodeficiency virus [HIV] disease"
"876","Endocarditis: heart valve infection"
"877","Acne: pimples"
"878","Attention deficit hyperactivity disorder: ADHD"
"879","Allergic conjunctivitis: allergic reaction in the eye"
"881","Teeth grinding: bruxism"
"882","Chemical burn"
"883","Chicken pox: varicella virus"
"884","Cradle cap: infant scalp rash"
"885","Croup: upper airway inflammation"
"887","Dyslexia: reading disorder"
"890","Psoriasis: scaly skin disease"
"891","Asperger's syndrome: autism spectrum disorder"
"892","Methicillin-resistant Staphylococcus aureus: MRSA, type of bacteria"
"893","Staphylococcus aureus: type of bacteria"
"894","Failure to thrive - child: Failure to thrive-child: Failure to thrive (child)"
"895","Hemochromatosis: excess iron disorder"
"896","Impetigo: bacterial skin infection"
"897","Inhaled foreign body: in respiratory tract"
"898","Jaundice: yellow skin color"
"899","Keratosis pilaris: common skin condition"
"900","Head lice"
"901","Body lice"
"902","Pubic lice"
"903","Wilsons disease: copper accumulation in tissues"
"904","Rocky mountain spotted fever: bacterial infection spread by ticks"
"905","Erysipelas: bacterial skin infection"
"906","Cat scratch fever: bacterial infection after cat scratch"
"907","Coccidiomycosis: valley fever, fungal infection"
"908","Meconium aspiration: newborn respiratory problem"
"909","Neurofibromatosis: inherited nerve tumors"
"910","Night terrors: nightmares"
"911","Pinworms: common intestinal worm"
"912","Reyes syndrome: rare liver and brain swelling"
"913","Mongolian spots: blue birthmark"
"914","Rheumatic fever: complication of strep infection"
"915","Rhinitis: nasal inflammation"
"916","Ringworm of the scalp: tinea capitis"
"917","Ringworm of the body: tinea corporis"
"918","Rubella: German measles"
"920","Scabies: skin disease caused by mites"
"921","Atrial flutter: irregular heart rate"
"922","Pepto Bismol or Kaopectate ingestion: bismuth"
"923","Long QT Syndrome: inherited heart condition"
"924","Coronary artery anomaly: heart artery malformation"
"925","Stroke: CVA, cerebrovascular accident"
"926","Subconjunctival hemorrhage: blood covering white part of the eye"
"927","Sleep apnea: chronic sleep disruption"
"929","Myotonia: impaired muscle relaxation"
"930","Carbuncle"
"931","Melanoma: skin cancer"
"932","Cat bite"
"933","Dog bite"
"934","Muscle spasm: charley horse"
"935","Hyperosmolar hyperglycemic state: severely elevated glucose level"
"937","Tetanus: lockjaw"
"938","Tourette syndrome: repetitive involuntary movements, vocalizations"
"939","Umbilical hernia: belly button hernia"
"940","Common warts"
"941","Transient global amnesia: sudden period of short-term memory loss"
"943","Osteoporosis: extremely thin bone"
"944","Bird flu: avian influenza"
"946","Cubital tunnel syndrome: nerve compression in the elbow"
"947","Foot fracture: broken foot"
"948","Ankle fracture: broken ankle"
"949","Histoplasmosis: fungal infection"
"950","Tick bite"
"951","Q fever: flu-like bacterial illness"
"952","Broken heart syndrome: Takotsubo cardiomyopathy"
"953","Whipple's disease: rare bacterial infection of the small intestine"
"954","Near drowning"
"955","Clostridium difficile: C. Diff"
"956","Sea lice bite"
"958","Ascites: fluid in the abdomen"
"960","Sunburn"
"961","Sun poisoning"
"962","Cystic fibrosis: inherited disease of lungs, digestive system"
"963","Sever's disease: calcaneal apophysitis, common cause of heel pain"
"964","Panhypopituitarism: pituitary gland malfunction"
"965","Down syndrome: common genetic disorder"
"966","Hair loss: alopecia"
"967","Vaginal yeast: fungal infection"
"968","Rickets: childhood bone disease"
"969","Alzheimer's disease: dementia"
"971","Human papillomavirus infection: HPV"
"972","Erectile dysfunction: ED"
"973","Congenital heart disease: heart defect at birth"
"974","Lumbar spinal stenosis: spinal cord compression"
"975","Stomach cancer: gastric cancer"
"977","Moles: nevi"
"978","Idiopathic thrombocytopenia purpura: ITP, low platelets"
"979","Thrombotic thrombocytopenia purpura: TTP, rare blood disorder: Thrombotic thrombocytopenic purpura"
"981","Ventricular tachycardia: VT, dangerous irregular heart beat"
"982","Cardiac arrest: heart stops"
"983","Frostbite: tissue damage from cold"
"984","Trench foot: immersion foot"
"985","Skin blood vessel damage: Chilblains, pernio"
"986","Gangrene: death of body tissue"
"987","Food poisoning"
"988","Lactose intolerance"
"989","Raynaud's disease: blood vessel constriction"
"990","Muscular dystrophy: inherited muscle disease"
"991","Diverticulosis: weakening of the large intestine wall"
"992","Graves' disease: overproduction of thyroid hormone"
"993","Emphysema: COPD, lung disease"
"994","Amyotrophic lateral sclerosis: ALS, Lou Gehrig's disease"
"997","Sarcoidosis: inflammatory disease"
"999","Folliculitis: hair follicle infection"
"1000","Boil: pus-filled lump"
"1001","Angioedema: swelling of skin, lips, eyes"
"1002","Hot tub follicullitis: hair follicle infection: Pustular folliculitis"
"1003","Detached retina: retinal detachment"
"1004","Posterior vitreous detachment: common eye abnormality"
"1007","Thyroid cancer: neck gland cancer"
"1008","Coronary artery disease: CAD, heart disease"
"1009","Double diabetes: hybrid diabetes"
"1011","Birth control pill use"
"1012","Toe fracture"
"1013","Finger fracture: broken finger"
"1014","Hand fracture: broken hand"
"1015","Scaphoid fracture: broken hand bone"
"1016","Clavicle fracture: broken collar bone"
"1017","Valvular heart disease: abnormal heart valves"
"1018","Aortic regurgitation: leaking heart valve"
"1019","Mitral stenosis: tight heart valve"
"1020","Mitral regurgitation: leaking heart valve"
"1022","Cataracts: clouding of the eye lens"
"1024","Thalassemia: Mediterranean anemia, inherited blood disorder"
"1025","Iron deficiency anemia: low red blood cell count"
"1026","Hemolytic anemia: red blood cell destruction disorder"
"1027","Pterygium: growth on the eye"
"1029","Pernicious anemia: vitamin deficiency blood disorder"
"1030","Addison's disease: adrenal insufficiency"
"1032","Heart attack: acute myocardial infarction, AMI"
"1033","Scleroderma: progressive hardening of soft tissue"
"1034","Medication reaction"
"1035","Myxedema coma: severely low thyroid hormone"
"1036","Bed bugs"
"1037","Athlete's foot: tinea pedis"
"1038","Early menopause: premature ovarian failure"
"1039","Carcinoid syndrome: flushing, diarrhea"
"1040","Mayer Rokitansky Küster Hauser syndrome: MRKH, inherited vaginal abnormality"
"1041","Obesity"
"1043","Hyperparathyroidism: elevated parathyroid hormone levels"
"1044","Cauliflower ear: wrestlers ear"
"1045","Muscle tear"
"1046","Gastroparesis: stomach muscle malfunction"
"1047","Scalded skin syndrome: blistering skin infection"
"1049","Colon polyps: large intestine tumors"
"1050","Loffler's syndrome: pulmonary eosinophilia, lung inflammation"
"1051","Methemoglobinemia: blood disorder"
"1052","Amaurosis fugax: momentary vision loss in one eye"
"1053","Tendon laceration: tendon cut"
"1054","Foreign body in a wound"
"1055","Wound infection: cut infection"
"1056","Blood vessel injury"
"1057","Hidradenitis suppurativa: chronic collections of pus"
"1059","Spleen injury: splenic rupture"
"1060","Liver injury: liver trauma"
"1061","Radiation exposure: radiation sickness"
"1062","Marfan syndrome: rare inherited disease"
"1063","Tape worm infection"
"1064","Teething"
"1065","Rabies: deadly viral illness transmitted by animals"
"1066","Toxic megacolon: rapid dilation of the colon"
"1067","Basal cell carcinoma: skin cancer"
"1068","Skin tags: acrochordons"
"1069","Pneumocystis pneumonia: PCP, fungal lung infection"
"1073","Compression fracture: broken spinal bone"
"1075","Hypersensitivity pneumonitis: allergic lung disease"
"1076","Mucormycosis: fungal infection"
"1077","Interstitial lung disease: chronic scarring of the lung"
"1078","Flea bite"
"1079","Ingrown nail: onychocryptosis"
"1080","Porphyria: rare disorder of skin, nervous system"
"1081","Gilbert's disease: liver abnormality"
"1082","Goodpasture syndrome: disease of kidneys and lungs"
"1083","Newborn jaundice: newborn skin discoloration"
"1084","Ankle sprain"
"1090","Chikungunya: viral illness from mosquitoes"
"1091","Japanese encephalitis: viral brain infection"
"1093","Brucellosis: bacterial infection spread from animals"
"1095","Post herpetic neuralgia: nerve pain after shingles"
"1096","Psoriatic arthritis: joint pain and stiffness"
"1097","Flat feet: pes planus"
"1098","Heel spur"
"1099","Lewy body dementia: common type of dementia"
"1100","Facial nerve paralysis"
"1102","Macular degeneration: chronic eye disease"
"1103","Pyomyositis: muscle infection"
"1106","Synovitis: inflammation of joint lining"
"1108","Diabetic retinopathy: diabetic eye disease"
"1111","Aspiration pneumonia: lung inflammation or infection"
"1112","Hepatic encephalopathy: confusion from liver failure"
"1113","Pemphigus: rare skin disorder"
"1114","Diabetes insipidus: excessive water loss from the kidneys"
"1115","Ventral hernia: bulging of the abdominal wall","Open hernia repair, Laparoscopic surgery"
"1116","Listeria: serious bacterial illness"
"1118","Shin splints: tibial stress syndrome"
"1119","Sarcoma: soft tissue cancer"
"1121","Bone cancer: bone tumor"
"1124","Mastocytosis: urticaria pigmentosa, skin disease"
"1125","Jellyfish stings"
"1129","Hemolytic uremic syndrome: HUS, red blood cell destruction, kidney disease"
"1132","Triangular fibrocartilage complex injury: wrist injury"
"1133","Multiple myeloma: blood cancer"
"1134","Miller Fisher Syndrome: rare nerve disease"
"1135","Aponeurotic ptosis: age-related drooping eyelid"
"1136","Complex migraine: migraine with neurologic changes"
"1138","Reflex sympathetic dystrophy: complex pain syndrome"
"1140","Golfer's elbow: medial epicondylitis of elbow"
"1141","Small cell lung cancer"
"1144","Bullous myringitis: middle ear infection"
"1145","Chronic venous insufficiency: weakened leg veins"
"1147","Diabetic neuropathy: nerve damage"
"1148","Diabetic nephropathy: diabetes and kidney disease"
"1151","Dysthymia: depression, dysthymic disorder"
"1154","Lymphedema: lymphatic obstruction"
"1155","Tension headache: stress headache"
"1157","Pneumoconiosis: lung disease"
"1166","Varicose veins"
"1169","Diabetes mellitus type 1: elevated blood sugar"
"1170","Viral exanthem: rash from viral infection"
"1177","Foreign body in ear"
"1184","Actinic keratosis: AK, skin growth"
"1186","Molluscum contagiosum"
"1196","Eustachian tube dysfunction: inner ear tube"
"1199","Phimosis"
"1201","Lumbar spondylosis: spine arthritis"
"1211","Muscle and ligament inflammation: enthesopathy"
"1245","Male pattern hair loss: hereditary-patterned baldness: Androgenic alopecia"
"1247","Male infertility"
"1249","Scleritis: inflammation of the eye"
"1251","Abdominal adhesions: scar tissue"
"1253","Chondromalacia: cartilage damage"
"1255","Focal seizure: partial seizure"
"1257","Generalized seizure disorder: generalized epilepsy"
"1259","Peyronie's disease: abnormal curvature of the penis"
"1261","Mycoplasma infection: bacteria"
"1263","Duodenal cancer: small intestine"
"1265","Small bowel cancer: small intestine"
"1267","Gallbladder cancer"
"1269","Essential thrombocythemia: excessive blood platelets"
"1271","Thyroid cyst"
"1273","Herpangina: mouth blisters"
"1275","Ewing's sarcoma: cancer"
"1277","Extragonadal germ cell tumors"
"1279","Fallopian tube cancer"
"1281","Familial dysautonomia: genetic disorder"
"1283","Farsightedness: hyperopia/hypermetropia"
"1285","Food allergy"
"1287","Foot sprain"
"1289","Foot ulcer"
"1291","Fragile X syndrome: genetic disorder"
"1293","Friedreich's Ataxia: genetic disorder"
"1295","Gallbladder and bile duct cancer: Gallbladder cancer: bile duct cancer"
"1297","Glomerulonephritis: kidney disease"
"1299","Graves eye disease: Graves ophthalmopathy"
"1301","Head injury in children: Non-accidental traumatic head injury to child"
"1303","Hemorrhagic stroke: CVA, cerebrovascular accident"
"1305","Hepatitis A"
"1307","Excessive hair growth: Hirsutism"
"1309","Huntington disease: chorea"
"1311","Hyperkeratosis: skin thickening"
"1315","Lacunar stroke"
"1317","Langerhans cell histiocytosis: Histiocytosis X"
"1319","Large cell lung cancer"
"1321","Malignant Mesothelioma"
"1323","Melasma: choloasma"
"1325","Morton's neuroma"
"1329","Neuroblastoma"
"1331","Paget disease of the bone: paget's disease of the bone"
"1333","Parathyroid cancer"
"1335","Phenylketonuria: PKU"
"1337","Paraphimosis"
"1339","Polyarteritis Nodosa: PAN"
"1345","Post-polio syndrome"
"1347","Posterior cruciate ligament injuries: PCL injury: Rupture of posterior cruciate ligament: Sprain of posterior cruciate ligament of knee"
"1349","Presbyopia: aging vision"
"1351","Rectocele"
"1353","Retinitis pigmentosa"
"1355","Retinoblastoma: pediatric eye cancer"
"1357","Retrobulbar Neuritis"
"1359","Shoulder sprain"
"1361","Squamous cell lung cancer"
"1363","Takayasu's arteritis: Giant cell arteritis of the young"
"1365","Tay-Sachs disease"
"1367","Tear duct infection: Dacryocystitis"
"1369","Thrombophlebitis: superficial"
"1373","Traumatic hip dislocation: traumatic dislocation of hip"
"1375","Traveler's diarrhea: Montezuma's revenge"
"1379","Tropical sprue"
"1381","Wilms' Tumor"
"1383","Wrist sprain"
"1385","Yaws"
"1387","Amyloidosis"
"1389","Arnold Chiari malformation"
"1393","Broken jaw: mandible fracture"
"1395","Conversion disorder"
"1397","Strabismus: crossed eyes"
"1399","Decompression sickness: bends, caisson's disease"
"1403","Delusional disorder"
"1405","Dermatofibroma"
"1409","Fibromuscular dysplasia: FMD"
"1415","Hypoparathyroidism"
"1417","Ichthyosis"
"1421","Keloid: overgrown scar"
"1423","Broken leg: leg fracture"
"1425","Prediabetes: high blood sugar"
"1429","Subluxation"
"1431","Vitamin D deficiency"
"1433","Supraventricular tachycardia: SVT"
"1435","Traumatic brain injury"
"1437","Testicular hypofunction"
"1439","Von Willebrand's disease"
"1441","Lymphadenitis"
"1443","Drug withdrawal syndrome"
"1445","Stuttering"
"1449","Tic Disorder"
"1451","Conduct disorder"
"1453","Charcot-Marie-Tooth disease"
"1455","Neutropenia"
"1457","Greater trochanteric bursitis: hip bursitis"
"1461","Turner syndrome: gonadal dysgenesis"
"1463","Pancytopenia"
"1467","Cerebellar Ataxia"
"1469","Complex partial seizures: psychomotor epilepsy"
"1471","Meralgia Paresthetica"
"1473","Retinopathy"
"1475","Corneal ulcer"
"1479","Blocked tear duct: dacryostenosis"
"1483","Aphakia"
"1487","Bacterial tracheitis"
"1489","Trigger finger"
"1493","Glossitis"
"1495","Anal fistula"
"1497","Urethral stricture"
"1501","Pemphigoid"
"1503","Scar"
"1505","Finger amputation"
"1509","Hydronephrosis"
"1511","Night blindness: nyctalopia"
"1513","Scurvy: vitamin C deficiency"
"1515","Beriberi: thiamine: vitamin B1 deficiency"
"1517","Cutaneous T cell lymphoma"
"1519","Cardiomegaly: enlarged heart"
"1521","Developmental delay"
"1523","Breast cyst"
"1525","Ductal carcinoma in situ: DCIS, breast cancer"
"1527","Missed abortion"
"1529","Triple negative breast cancer"
"1531","Invasive ductal carcinoma"
"1533","Invasive lobular carcinoma"
"1535","Dystonia"
"1537","Failure to thrive - adult: failure to thrive"
